,Station name,Elevation [km],num,date,nano,st_x,st_y,amplitude,nbloc,numloc,icloud,flash,maxis,axisratio,inclin,rise,width,numgsp,nbgsp,nblocgsp,ngc,nbcg,timestamp,distance,station,station_y,station_x,back_azimuth,beg_time,end_time,N_arrivals,id,thres_on,thres_off,bound,trig_on,trig_off,signal_width,azimuth_full_width,azimuth_first_1s,incidence_full_width,incidence_first_1s,planarity_full_width,planarity_first_1s,rectilinearity_full_width,rectilinearity_first_1s,altitude_min,altitude_mean,altitude_max,baseline_Z,max_disp_at_lightning_Z,lightning_power_Z,disp_random_Z,random_power_Z,Max_disp_full_no_filters_Z,CF_full_no_filters_Z,CF_full_vel_no_filters_Z,Max_disp_10_49_Z,CF_10_49_Z,Max_time_10_49_Z,disp_per_time_10_49_Z,baseline_R,max_disp_at_lightning_R,lightning_power_R,disp_random_R,random_power_R,Max_disp_full_no_filters_R,CF_full_no_filters_R,CF_full_vel_no_filters_R,Max_disp_10_49_R,CF_10_49_R,Max_time_10_49_R,disp_per_time_10_49_R,baseline_T,max_disp_at_lightning_T,lightning_power_T,disp_random_T,random_power_T,Max_disp_full_no_filters_T,CF_full_no_filters_T,CF_full_vel_no_filters_T,Max_disp_10_49_T,CF_10_49_T,Max_time_10_49_T,disp_per_time_10_49_T,Max_disp_1_10_Z,CF_1_10_Z,CF_vel_1_10_Z,Max_disp_1_10_R,CF_1_10_R,CF_vel_1_10_R,Max_disp_1_10_T,CF_1_10_T,CF_vel_1_10_T,ZT_10_49,ZR_10_49,RT_10_49,offset,offset_max,Max_disp_10_20_Z,CF_10_20_Z,CF_vel_10_20_Z,Max_disp_10_20_R,CF_10_20_R,CF_vel_10_20_R,Max_disp_10_20_T,CF_10_20_T,CF_vel_10_20_T,Max_disp_20_30_Z,CF_20_30_Z,CF_vel_20_30_Z,Max_disp_20_30_R,CF_20_30_R,CF_vel_20_30_R,Max_disp_20_30_T,CF_20_30_T,CF_vel_20_30_T,Max_disp_30_40_Z,CF_30_40_Z,CF_vel_30_40_Z,Max_disp_30_40_R,CF_30_40_R,CF_vel_30_40_R,Max_disp_30_40_T,CF_30_40_T,CF_vel_30_40_T,Max_disp_40_49_Z,CF_40_49_Z,CF_vel_40_49_Z,Max_disp_40_49_R,CF_40_49_R,CF_vel_40_49_R,Max_disp_40_49_T,CF_40_49_T,CF_vel_40_49_T,Max_disp_1_49_Z,CF_1_49_Z,CF_vel_1_49_Z,Max_disp_1_49_R,CF_1_49_R,CF_vel_1_49_R,Max_disp_1_49_T,CF_1_49_T,CF_vel_1_49_T,lightning,polarity,polarity_code,arrival_time
0,A004A,0.2,6789339,2017-08-10 23:19:12+00:00,239291136,16.193300247192383,48.042701721191406,-12.15999984741211,1,1,False,True,0.09000000357627869,1.4516099691390991,109.5999984741211,6.5,15.600000381469727,1.0,1.0,1.0,1.0,1.0,2017-08-10 23:19:12.239291+00:00,26257.4765625,A004A,47.96288299560547,16.39678382873535,300.45635986328125,2017-08-10 23:18:42.239291+00:00,2017-08-10 23:21:28.347918+00:00,2,3546576,3.0,1.0,0,10160,11251,10.91,116.19683074951172,168.63360595703125,56.15415054069479,47.576632030637136,0.7380284682669983,0.8113214073978148,0.35010740812903374,0.3546480874627655,657.5711477682742,14213.310832726607,26462.994103793862,1.1038086877271396e-11,4.0321452136888824e-10,1.5711005685364443e-08,1.2757781511011387e-11,1.6782584826545437e-10,2.2893164940512694e-07,0.42693693928943205,8.106624834778716,2.5118727646171938e-09,14.567738294570708,1502407223.865,2.8002830195317843e-19,9.00487397237694e-13,5.376877141177347e-10,1.6724583650922336e-08,4.776224036206855e-10,2.349463906900931e-10,2.8055931587269692e-06,0.18195006307322809,0.47819317041007997,2.3506037183543078e-09,12.685221240957473,1502407230.125,2.5715796033526423e-19,7.195885417658031e-12,8.437270227861341e-10,3.197138047514502e-08,1.9687170947553183e-11,3.0735886943057413e-10,3.3433839901142433e-06,0.1304749593405319,0.5905105926650723,2.4544839490970104e-09,14.423184003523664,1502407229.405,2.958928279047393e-19,3.4839258604279023e-08,1.9669216624594945,5.297202897722544,2.87425454047438e-08,1.8979643584499815,4.2711962543515085,2.8653889936175073e-08,2.33984185947753,5.033233734100772,0.11904613945427708,1.5515995564222933,1.0779174850710902,-4.508626937866211,-4.482917785644531,2.6190769772036798e-09,14.131052776582928,15.062097672391337,2.459999672416164e-09,11.919892390123966,12.500937257110474,2.8756513129881725e-09,12.770533026181992,13.722304145704625,3.391727782717491e-10,25.030383636886064,25.552898029263044,2.7784539281836463e-10,23.276454402236823,23.632178826984447,2.667190817545692e-10,23.72767756838784,24.468047021878355,2.1394988032491262e-10,34.432219304005486,34.91696193576541,7.731635378719745e-11,34.19151593170515,34.594643155857305,9.534082258402397e-11,33.96600513354803,34.36904241641618,1.978488455869069e-10,47.068862244088635,47.25826889200818,1.4373336742046957e-10,48.44239989472898,48.36061968540509,1.703719037790686e-10,48.577356460012275,48.50694618697056,3.3504631948833515e-08,2.256684956601137,9.792443049617017,2.760181475215643e-08,2.1226620526081925,7.462748689216134,2.7688726839546036e-08,2.880980055511656,11.742718504217995,,Negative,0,2017-08-10 23:20:28.347918+00:00
1,A005B,0.174,14344345,2020-06-03 06:10:32+00:00,481177088,16.153099060058594,48.20439910888672,7.900000095367432,1,1,True,True,0.0949999988079071,1.3013700246810913,63.70000076293945,5.900000095367432,3.5,,,,,0.0,2020-06-03 06:10:32.481177+00:00,28625.833984375,A005B,48.37192153930664,16.2054386138916,191.763427734375,2020-06-03 06:10:02.481177+00:00,2020-06-03 06:12:55.454610+00:00,1,3529232,3.5,1.0,25,7994,9164,11.7,86.37606811523438,89.81990051269531,72.34954786479385,78.71613995028773,0.724073968843751,0.8135667019566822,0.26385576574152764,0.3179828626558383,218.08406275787462,5811.055983117615,15606.930153203079,2.0382171908557137e-11,1.2508217639120858e-09,3.99389190026064e-08,1.5261087223547572e-10,5.53495392726239e-10,1.0609489569823774e-07,1.3807257358733644,15.251189794909113,5.166129486355849e-09,15.970190255788603,1591164691.105,1.621253939315695e-18,2.9732789438561685e-11,1.9649205203752092e-09,7.727986252755561e-08,1.026570223322943e-09,4.4248266271330897e-10,1.01297576857642e-06,0.12591289389975394,3.8506049702280563,6.4886639283218815e-09,14.365165795455514,1591164691.345,3.401651996422249e-18,5.636031854356495e-12,1.8392418491867947e-09,8.040511502607838e-08,3.0065065948202667e-10,7.517870564137585e-10,1.1565649475170514e-06,0.20390792087530826,8.947215948956774,5.235713538545754e-09,14.482768141914654,1591164690.155,2.4959869409641704e-18,1.902940033915867e-08,3.965425071586959,5.927053163984841,3.1906807287331916e-08,3.5368725939608914,5.18451818892314,3.858453444122361e-08,3.162060863771028,4.862495393319465,0.3939398005709622,9.083861385360088,0.02739300676808328,-33.03343200683594,-25.299610137939453,5.6416747659274966e-09,12.850715863529611,13.552572740472002,6.9257123738430655e-09,13.838314692172613,14.507958205653775,6.155559046222917e-09,13.358132645217458,13.919168838160454,1.2012768477031033e-09,23.40801447749193,23.981894047886534,7.562561609671273e-10,22.405197046964116,22.885463716602263,6.129884938347816e-10,22.474737490458217,23.001065225413594,3.951144785662128e-10,34.286179275764155,34.69391708571821,2.4586303192878664e-10,34.06779096694025,34.55212119777442,1.7096954723270096e-10,34.03800489347026,34.51035974334683,8.057113594085278e-10,47.48620143939956,47.097585256604475,4.646786462603983e-10,47.654287399781005,47.43111511719291,5.550801118385674e-10,47.57906779622136,47.30622151533383,2.0488177514748303e-08,4.979978183249745,14.80487621379682,3.3204787327674656e-08,4.481906691930331,11.421245119344702,3.988244730697696e-08,3.965220807274309,11.740621304978836,,Positive,1,2020-06-03 06:11:55.454610+00:00
2,A012A,1.28,422043,2017-04-03 14:27:21+00:00,338683648,15.618399620056152,47.618499755859375,-2.6600000858306885,1,1,True,True,2.2750000953674316,22.979799270629883,100.5,3.700000047683716,2.799999952316284,,,,,0.0,2017-04-03 14:27:21.338683+00:00,4330.7158203125,A012A,47.60398483276367,15.5859956741333,56.38777160644531,2017-04-03 14:26:51.338683+00:00,2017-04-03 14:28:33.891482+00:00,1,91446,4.0,0.5,5,4267,5651,13.84,130.7758026123047,134.17022705078125,73.28311348931976,75.09564539342522,0.6796664070585038,0.6610410456454511,0.3037438944801942,0.4161685579144442,1326.8198900642597,3297.6442191109886,6762.769271683853,6.6459339340303634e-12,1.1021876019951184e-09,2.8084507163865884e-08,2.052517991794012e-10,2.401463414891867e-10,9.3251450960862e-07,0.11462020511543405,10.391714982429164,5.912476956014522e-09,24.127953325628866,1491229654.1249998,8.523929500491784e-19,1.436006012688682e-11,1.0102849289037795e-09,3.702694224686883e-08,7.622529581254885e-12,2.9329076622680576e-10,2.5099683560523264e-06,0.06940175074869204,8.467120457802592,5.857022197920498e-09,18.64949118464715,1491229654.0149999,1.4583881000781473e-18,1.9928188083735994e-11,1.1726694881752152e-09,3.35873540001165e-08,3.344616924270154e-10,3.502880207425512e-10,3.7108165652345925e-06,0.08279543861496942,10.63014854146192,9.031963633113917e-09,19.604499845133017,1491229654.0249999,2.262547992363242e-18,4.09779287654164e-09,5.462284777295077,7.333087219346294,3.979501196272374e-09,6.518502190337488,8.039515373180183,5.46634400388108e-09,5.325851052875522,6.457547185914781,0.6072516352062216,0.7047374373818616,0.2570404746380633,0.11720077693462372,0.12351775169372559,2.863027313724196e-09,14.62727609014305,15.212653863168894,5.842432807844809e-09,14.266954113443994,15.085130191159402,5.7215328043622146e-09,14.138246160772766,14.728253266959555,2.0242042932972656e-09,24.91303849004861,25.322209312419698,2.2009279922520684e-09,23.01689855890811,23.666183858235538,2.243779874813287e-09,24.213088610133614,24.785320682631173,1.117050272347394e-09,33.591884888173915,33.86401084816858,4.618935009692557e-10,33.95262726488588,34.369195522865695,1.0182997904488193e-09,33.23541671831148,33.529762753073406,3.6293146241802367e-09,47.26593431827292,47.071934961919176,2.034609481917112e-09,48.08719359401859,47.887363665557935,2.933937241161705e-09,47.70091319564879,47.38933017536863,7.997519523655384e-09,15.708394149450298,34.587034859780935,7.059465328205765e-09,14.60690150240357,26.169699100313327,9.303639139975661e-09,13.916016152981706,28.48618641603545,,Negative,0,2017-04-03 14:27:33.891482+00:00
3,A012A,1.28,15758366,2016-06-04 09:53:17+00:00,206351104,15.6974,47.5147,5.66,1,1,False,True,0.102507,1.57422,124.7,5.0,22.8,1.0,1.0,1.0,1.0,1.0,2016-06-04 09:53:17.206351+00:00,19254.1,A012A,47.604,15.586,139.86,2016-06-04 09:52:47.206351+00:00,2016-06-04 09:55:13.015301+00:00,1,60323,3.0,1.0,15,6594,7279,6.85,135.885,139.627,56.5690050101,62.0414839514,0.745586305412,0.868188544115,0.517094025287,0.645395939885,6525.16693429,8538.61322414,13655.3726058,1.79600953823e-11,1.87103729053e-09,3.97761827442e-08,2.43696839997e-11,2.59183836689e-10,2.94379374657e-08,10.5223856507,31.4186433538,1.77794091607e-08,22.0904884135,1465034035.76,9.38848953522e-18,5.01401401323e-12,9.93493002161e-10,4.39192904153e-08,2.800191101e-10,1.155325826e-09,4.1406478355e-07,0.366861657856,34.6866193885,1.83952469096e-08,26.7393899021,1465034035.81,7.73164947973e-18,1.52566862223e-11,1.17986803163e-09,3.24408867296e-08,3.50151740585e-10,1.6851521655e-10,1.48405400248e-07,0.655977080154,25.1444118541,1.37424009459e-08,19.515215793,1465034036.31,5.50771482192e-18,6.12110580065e-09,5.77760231225,7.46145449012,8.92186985288e-09,5.19422403506,6.0099628609,3.43666323491e-09,7.29613108692,8.05824841725,4.64535413074,0.329141807554,5.90438662239,-19.8689,-17.2563,1.14824584981e-08,14.877940297,15.409266024,1.07069341609e-08,14.9265355474,15.6295412314,1.13576732981e-08,15.277049358,15.8350718712,7.2194332409e-09,22.4305000098,22.9286332049,3.9882755307e-09,24.7861541365,25.3880276888,6.96380015052e-09,21.646995502,21.8145832295,4.27581148034e-09,34.3413657544,34.6047294417,3.30902649518e-09,33.4003754194,33.6943831042,9.55082368232e-10,33.9708996974,34.2694318842,3.91584651232e-09,45.303491724,45.3864544561,8.71687133332e-09,44.4040988139,44.4483084073,2.27555162598e-09,46.8996581556,46.7592724807,2.14456589581e-08,19.3801695239,31.1302228933,2.56272978856e-08,19.7480913013,36.6372339608,1.53396606293e-08,18.3050480926,24.9633907179,True,Positive,1,2016-06-04 09:54:13.015301+00:00
4,A012A,1.28,13356073,2016-05-08 12:26:03+00:00,530268928,15.6721,47.5326,-6.39,1,1,False,True,0.132743,2.23043,90.0,13.1,18.1,1.0,1.0,1.0,1.0,1.0,2016-05-08 12:26:03.530268+00:00,15185.2,A012A,47.604,15.586,140.828,2016-05-08 12:25:33.530268+00:00,2016-05-08 12:27:47.545307+00:00,1,47721,3.0,1.0,15,5597,6563,9.66,137.683,142.814,63.0349488707,65.226570709,0.773348585493,0.618196745208,0.565907663692,0.354816204902,3301.69556157,6075.88454146,8313.63877146,5.55601170874e-11,1.78122752388e-09,3.28842520199e-08,1.58572967032e-10,5.58710808378e-10,2.11010879423e-07,1.11135003686,28.868636783,1.8981791055e-08,22.6824505069,1462710395.37,6.52504880816e-18,6.30792900079e-12,7.92173100719e-10,2.93028932095e-08,5.30419546054e-10,2.00503885057e-10,1.96833562484e-06,0.177887481604,22.4661573703,1.90694173311e-08,25.9274710547,1462710395.36,7.73567051581e-18,8.21127179682e-12,2.3886489099e-09,4.42630558711e-08,6.91180556695e-10,2.40475217959e-10,1.93755455947e-07,1.00262477903,10.6366135019,1.24367252639e-08,19.1421312705,1462710395.64,4.79502975406e-18,3.05092998847e-08,5.33865478883,5.82507581219,4.8038228127e-08,5.32311657814,5.445507143,6.36819090399e-09,7.46417746325,8.09126996945,2.67497180273,227.755655798,5.87016489991,-18.045,-12.1853,1.33725199605e-08,14.211769054,14.7759000113,1.48710448663e-08,14.6317793014,15.4001614668,1.09592577527e-08,15.1301361551,15.7613813922,4.3062469041e-09,24.9196485882,25.7802659296,6.39933130226e-09,25.5116059791,26.1009659889,4.87564565911e-09,21.6537454157,21.8700327967,6.75436573037e-09,34.4683303056,34.7357912996,4.45918124935e-09,33.3762998831,33.7373011286,1.28586716077e-09,34.3521871755,34.6827170263,4.16673334082e-09,46.5030454628,46.4041381053,5.49453571601e-09,45.7450237886,45.7524188439,3.39276718486e-09,46.7175091488,46.4866727943,4.09486235e-08,10.7543615709,28.6788161439,5.80845520727e-08,8.506179251,28.4937508612,1.70958538332e-08,16.0223445373,25.7601956433,True,Negative,0,2016-05-08 12:26:47.545307+00:00
5,A012A,1.28,26111108,2016-08-15 09:10:16+00:00,50128640,15.5705,47.6009,6.38,1,1,True,True,0.065063,1.15961,73.4,7.1,23.9,,,,,1.0,2016-08-15 09:10:16.050128+00:00,1798.69,A012A,47.604,15.586,253.559,2016-08-15 09:09:46.050128+00:00,2016-08-15 09:11:21.263728+00:00,1,82066,12.0,0.1,25,3558,5286,17.28,120.952,138.687,73.0298362572,79.0693378956,0.645265420507,0.70360017959,0.273020291173,0.285468501744,1283.09414772,2603.93922099,4168.62713359,9.77641117411e-11,3.2500341825e-08,5.10335614691e-07,1.82857483402e-09,7.63813975798e-10,2.29477463937e-07,3.93467225512,28.5476334459,1.01026179801e-07,20.6538408591,1471252226.73,2.24804480545e-16,1.22480460044e-10,3.07099431075e-08,4.34450587865e-07,1.48715905284e-10,1.18170784819e-09,2.65803793978e-07,4.11088222675,26.0645466049,1.24552529258e-07,19.1240321504,1471252226.65,2.49090001258e-16,8.19080464949e-11,1.91406922923e-08,2.98751934032e-07,3.35289219252e-10,1.11843338995e-09,4.54388594477e-07,3.45576318985,32.1555160016,1.38853091885e-07,21.0982726686,1471252226.77,4.01932540921e-16,2.76987769907e-08,6.60469792169,8.55768505687,3.7685760771e-08,8.00170259637,8.96197760941,3.80817271216e-08,7.12194657392,8.38770822947,0.236474394632,0.506873544975,0.718071837245,0.3664,5.38627,1.04407109661e-07,15.088194849,15.4695260874,1.031296626e-07,14.8828550371,15.6212124327,1.17672216881e-07,14.9418060602,15.3009104876,3.75032181116e-08,23.7686572713,24.1566358517,2.70037997015e-08,23.1016951541,23.4176371149,3.26910748688e-08,23.5360139271,23.8813140994,2.52410561873e-08,33.8905272945,34.2677274448,1.93943137424e-08,34.0711190001,34.3072782004,1.73205431439e-08,34.1667066759,34.5502072522,2.15074992548e-08,45.9885000833,46.0413231126,1.75058352167e-08,46.7450834978,46.6574539969,4.35979774484e-08,46.0231149772,46.064121407,1.06816516451e-07,19.0587628721,28.5418140162,1.42267178676e-07,17.7327003945,26.038033408,1.54499802321e-07,19.9545399678,32.1592067846,True,Positive,1,2016-08-15 09:10:21.263728+00:00
6,A012A,1.28,15281855,2016-05-31 10:34:54+00:00,438459904,15.6079,47.5685,-12.48,1,1,True,True,0.205071,4.16001,110.0,6.3,3.8,,,,,1.0,2016-05-31 10:34:54.438459+00:00,6344.0,A012A,47.604,15.586,157.387,2016-05-31 10:34:24.438459+00:00,2016-05-31 10:36:12.826852+00:00,1,60104,5.0,0.2,0,3923,6231,23.08,133.468,111.153,66.2193042464,79.7448174596,0.676131826294,0.584892495335,0.376064820518,0.246138147228,1281.81519222,4260.50080035,9667.99985199,3.92598641156e-11,4.72448121204e-09,7.78715792489e-08,1.3501569667e-10,2.99851012212e-10,7.66981641014e-07,0.254489355153,33.9564052868,4.76855758528e-08,24.925396568,1464690909.42,3.07442213219e-17,2.62677089423e-11,2.28887203691e-09,6.01531727582e-08,2.22979946944e-10,4.3579877283e-10,1.75898104308e-06,0.491985311138,22.4679062345,6.6396908126e-08,25.0607939033,1464690909.58,5.06169692365e-17,1.69110390185e-11,3.98974202764e-09,8.30266422213e-08,7.06901255245e-10,6.19695746924e-10,7.02525603381e-07,0.310344041376,27.2593383419,7.40596837222e-08,20.4563134832,1464690909.4,4.30568584319e-17,2.5028716385e-08,5.36611563704,6.29833136451,3.99815550221e-08,5.37064104733,5.73877897903,2.21660070219e-08,6.8136641921,8.28508375705,0.651887244599,0.474292550082,0.326307827286,-9.15839,-3.42185,3.36226701727e-08,14.5524071567,15.0873258302,4.95309010132e-08,15.4524241525,16.3391294961,7.08168886026e-08,14.2547648503,15.3672403707,1.79543601355e-08,25.6337937801,26.247404107,2.81966694863e-08,25.1145669695,25.6903578228,1.83684420527e-08,24.2149722744,24.79909064,1.54279980587e-08,34.4205481816,34.7232538488,1.28049675155e-08,32.8784927615,33.249642576,6.39228808028e-09,33.1844773255,33.6059063977,1.58322360211e-08,46.4077808939,46.4103215157,2.1816701961e-08,46.3387986196,46.3248767122,1.15815132264e-08,46.706308777,46.6805769486,6.28848758141e-08,19.0833613213,35.6184040466,8.99290760081e-08,16.6907225441,34.6244159514,8.61351116899e-08,17.1765446128,30.8467327352,True,Negative,0,2016-05-31 10:35:12.826852+00:00
7,A018A,0.748,484525,2017-04-10 20:20:12+00:00,280922624,15.05620002746582,47.80860137939453,-7.989999771118164,1,1,True,True,0.07000000029802322,1.428570032119751,40.599998474121094,19.600000381469727,9.5,,,,,0.0,2017-04-10 20:20:12.280922+00:00,11017.3271484375,A018A,47.74366760253906,15.077621459960938,347.50848388671875,2017-04-10 20:19:42.280922+00:00,2017-04-10 20:21:44.215204+00:00,1,1846372,5.5,0.5,15,4573,5948,13.75,20.557331085205078,172.30322265625,45.43361159547158,38.83468574094426,0.6996713146276586,0.796509288329692,0.3056665387702049,0.3142809038710207,1812.404475609102,5763.365196166322,8525.629943355469,6.0560282906164e-11,1.7883327349815876e-09,7.639144142549915e-08,6.10853597569341e-11,7.617328397013357e-09,2.6347477952972317e-07,1.017739195076392,39.00625982094675,6.031086350977596e-08,33.80707631623821,1491855629.91,4.563590618681574e-17,5.956349828041764e-11,2.6096686879825556e-09,1.1069766950073417e-07,9.804811889642594e-11,4.828008697769812e-11,7.107905466524132e-07,0.38980196592756117,33.12518641322706,3.2370351882709843e-08,24.911426637724798,1491855629.62,3.0846807296549703e-17,7.819617136243187e-12,2.369570256835067e-09,8.780427738196091e-08,8.599326042013784e-11,2.2335337463897326e-14,5.240552972837618e-07,0.29928016473743185,36.61535287820163,2.201719725346711e-08,28.267775171638352,1491855630.07,1.0914821826741211e-17,1.1745599134939377e-08,5.649491800776198,7.112993520268848,1.0349140573213604e-08,5.294296934871832,6.758573306294783,1.0056732142702719e-08,5.855121123700163,7.116157164921983,2.018296429596393,0.017707014725283923,1.7005261879176095,-16.204282760620117,-14.59520435333252,2.55465010658926e-08,17.146722044511417,17.79579461943544,2.4199345609158363e-08,14.262295604422478,14.572790559183353,2.012505207761294e-08,14.972292728342213,15.854795449571524,2.8330557371876417e-08,25.689753246944708,26.058642234289184,3.613864151922489e-09,23.581665249653238,24.131314849766444,4.931054729569739e-09,23.51788588988242,24.291797707665737,1.7133379247577047e-08,34.366757106157095,34.874398927421765,4.7529014921269475e-09,33.743344664536565,34.203558704239896,4.944082043323243e-09,34.586591379200236,35.04175416587511,1.723460993304526e-08,46.495870799550616,46.26998841120692,1.058046353404689e-08,47.09414518367006,46.89621674643312,4.903689417181855e-09,46.47025636652771,46.263156567964586,5.864359073120688e-08,32.37715217638895,39.56736466070705,4.293315771099059e-08,21.979136458923772,38.35272668525761,2.6742353162266782e-08,22.96319422180159,38.83061811526554,,Negative,0,2017-04-10 20:20:44.215204+00:00
8,A027A,1.217,25959615,2016-08-10 06:07:48+00:00,538714112,13.804400444030762,46.69889831542969,72.05000305175781,1,1,False,True,0.0539419986307621,1.0285199880599976,36.20000076293945,15.399999618530273,22.299999237060547,1.0,1.0,1.0,1.0,1.0,2016-08-10 06:07:48.538714+00:00,29528.7578125,A027A,46.81589889526367,14.007369995117188,229.9958953857422,2016-08-10 06:07:18.538714+00:00,2016-08-10 06:10:14.129314+00:00,2,413476,6.5,0.5,25,8457,9487,10.3,125.41254425048828,117.06219482421875,10.168710468864154,8.01784910742177,0.8763719933821051,0.9218209922254793,0.5217023664348543,0.5562737024554056,19816.051359760913,21475.05033272588,23072.377426092113,1.460323548334286e-11,8.691639497887403e-10,3.73022407700006e-08,6.720780417251959e-11,2.469271291160346e-10,1.0336518245436201e-06,0.18250846687067093,28.14467699367389,1.970197153893517e-08,24.561680079546218,1470809327.43,1.4693193152637445e-17,1.599279445768373e-11,4.1694401862049624e-10,1.611188477112392e-08,1.6135746321070193e-12,1.519298967589747e-10,6.711646093751699e-07,0.14441929298205564,20.43633619146317,7.961205517930116e-09,26.106502847137097,1470809327.5700002,2.339202670456423e-18,1.3726319639693577e-11,2.690511398963818e-10,1.0024461282145908e-08,7.039292719337521e-11,1.4869119305819075e-10,6.313813621549918e-07,0.1326756411772526,20.075627908527462,5.8780874071637e-09,26.6691606811697,1470809327.6100001,1.1121680087732362e-18,4.133627937142867e-09,5.667488561576523,8.162362367220126,4.0700497346427785e-09,5.4438725945151605,6.540168502971278,2.8182897818164994e-09,5.027458776151246,7.3097840641414855,27.59107449591055,19.689711462741887,21.523645006010618,-31.020599365234375,-26.69931411743164,1.3136779474442382e-08,17.855378710915737,18.512023555105426,4.370460496753417e-09,17.09331088114175,18.03905838969273,2.9528468096451294e-09,17.375266319076935,18.231999998782985,8.976440303567638e-09,23.891434147103393,24.618729393698064,4.428072748798277e-09,26.899027383129592,27.39133018383218,3.404357380356714e-09,24.397986672707393,24.9517184493366,4.322911007766099e-09,35.237185359116395,35.63345362881981,3.0241322744358888e-09,33.900404309929264,34.36691831603078,1.9227347662227335e-09,35.3631231232063,35.781293193609635,6.40579653637572e-09,43.90080493032149,44.05366300168349,1.5571162262992035e-09,43.351517509727245,43.487348961621976,1.6870279277266082e-09,42.90335242874246,43.02844946723404,1.9295263171650386e-08,23.51967705691873,31.801230125768,9.218263153310655e-09,22.65362606694807,30.442453681885763,7.195560143985724e-09,23.204228900416545,32.50401206124079,,Positive,1,2016-08-10 06:09:14.129314+00:00
9,A027A,1.217,13211443,2016-04-27 12:07:45+00:00,904422656,13.9825,46.796,47.07,1,1,False,True,0.040483,1.31743,109.6,30.4,30.4,1.0,1.0,1.0,1.0,1.0,2016-04-27 12:07:45.904422+00:00,4258.84,A027A,46.8159,14.0074,220.557,2016-04-27 12:07:15.904422+00:00,2016-04-27 12:08:58.248891+00:00,1,395009,4.5,0.5,5,3475,4417,9.42,164.385,174.675,82.1600826948,78.1138094483,0.831036199712,0.81562499421,0.368990122801,0.300909533674,1220.52890109,1616.4566651,3451.57811079,5.05676224499e-11,1.64825720936e-10,7.89909386249e-09,1.41594403366e-10,2.91868923048e-13,1.81139104605e-07,11.3681460859,36.1174457895,1.17113399954e-07,32.8154545314,1461758874.48,3.0649382003e-16,1.06229746847e-10,5.21750966078e-10,1.2427294122e-08,4.71440146648e-10,6.34606760029e-11,1.46096513469e-06,1.73591038336,33.9385652321,1.30165756003e-07,28.5332562693,1461758874.07,8.73592950228e-16,3.87054020784e-10,2.07965118226e-10,8.53739847285e-09,1.82621198347e-10,2.24857471795e-09,1.15627490371e-06,2.15679031687,32.4084990978,1.79650288919e-07,26.4969913076,1461758875.49,1.01499543532e-15,5.13011359461e-08,6.67174668211,7.75331089139,4.00864737518e-08,6.84978629896,7.89044188739,5.88672629426e-08,6.5674657821,7.89156342354,2.34220092126,0.738237464873,2.32405674667,-7.59447,-4.17889,4.01285666958e-08,14.4332634113,15.6534783097,9.62577594625e-08,16.9100819403,17.6823429306,1.05505031989e-07,17.7214320237,18.3439422271,4.61405832227e-08,25.4877975971,25.9145046407,5.00061291802e-08,24.4008606107,25.1746366438,6.00173552553e-08,22.7024366718,23.3819882097,7.31612088172e-08,35.6992765991,35.9680658708,8.93646942394e-08,35.048080456,35.4178048597,7.45054221759e-08,34.6924266717,35.2116500135,3.78805588407e-08,43.9707633723,44.1562849787,7.3737987996e-08,44.5979186648,44.7327748013,4.29468054834e-08,44.3605845866,44.5554706967,1.44120463016e-07,27.6499398314,36.1283835268,1.40055551335e-07,26.7863849792,35.3983239804,1.94571033972e-07,24.559880225,33.4244085063,,Positive,1,2016-04-27 12:07:58.248891+00:00
10,A027A,1.217,27405650,2016-08-29 14:08:39+00:00,154614272,13.9949,46.7923,-26.58,1,1,False,True,0.048529,1.21778,100.4,16.9,33.8,1.0,1.0,1.0,1.0,1.0,2016-08-29 14:08:39.154614+00:00,4081.22,A027A,46.8159,14.0074,199.89,2016-08-29 14:08:09.154614+00:00,2016-08-29 14:09:50.984240+00:00,1,422625,4.5,0.1,9,3868,4881,10.13,144.838,131.006,12.5270481288,8.70640671418,0.833736824795,0.889332135381,0.481463192413,0.55799542706,4198.94636492,5830.72238446,7299.01227779,3.47481047172e-11,1.28441729942e-09,4.96595279639e-08,1.65354876529e-09,4.93646106338e-10,1.20680268227e-06,0.312378693795,31.3893117053,7.05461403758e-08,29.1723203982,1472479728.41,1.55754024284e-16,3.44332267815e-11,7.36537164705e-10,2.64656968351e-08,7.07563368473e-10,1.11733438582e-09,7.58573729507e-07,0.281590749413,30.4649238514,3.12472289542e-08,31.8970100436,1472479729.05,3.13122666923e-17,5.52680855591e-11,8.580745535e-10,2.9357123101e-08,5.34556083906e-10,1.62187993415e-10,3.88749811359e-07,0.480827828648,36.1226852249,1.95233701935e-08,32.4753061588,1472479728.37,1.29428780717e-17,9.15209035087e-09,7.56790322015,9.65684158165,1.01051822111e-08,5.57381401309,6.64508286859,6.34523892951e-09,6.66181616487,7.68318316976,0.931507363401,2.44559033995,1.67198784899,-3.14963,-2.61424,5.22410150981e-08,15.3914384274,16.6052283344,1.40904104962e-08,16.3732113048,17.1675161396,1.00281693273e-08,14.6573584587,16.0115192626,4.04756774097e-08,25.0851219442,25.7021054628,1.53978621637e-08,24.5052363507,25.0188418363,8.01497635768e-09,25.2196533509,25.6538509553,2.58908235385e-08,35.0085770943,35.3452936514,1.52088368667e-08,34.2904541914,34.6143209641,1.09038014659e-08,35.2554844318,35.6485193414,2.1297776352e-08,44.7044966328,44.9136604948,1.73853135587e-08,45.0050487861,45.2057629151,6.36787552157e-09,45.2331385775,45.4563240659,7.10787879257e-08,28.0828677591,35.6651267601,3.15789362047e-08,28.9952706798,37.2966632804,2.28993982647e-08,29.1463028874,37.6557907947,,Negative,0,2016-08-29 14:08:50.984240+00:00
11,A027A,1.217,9216556,2017-07-19 13:48:17+00:00,184472576,14.0186,46.8299,3.14,1,1,True,True,0.094,1.175,92.5,30.4,1.4,,,,,0.0,2017-07-19 13:48:17.184472+00:00,2598.0,A027A,46.8159,14.0074,28.7623,2017-07-19 13:47:47.184472+00:00,2017-07-19 13:49:24.714905+00:00,1,436988,3.0,0.5,30,4034,5622,15.88,159.723,145.61,83.3851912943,74.6733754025,0.912535758737,0.950203588016,0.432829755745,0.500617696473,1241.14334503,1909.54054234,3491.59090347,7.73165731332e-12,3.06551134628e-10,1.13676980211e-08,1.42656697993e-10,1.5024631578e-10,1.37101075995e-07,0.995404385243,36.5857174118,1.10986210784e-08,31.4620362638,1500472118.85,2.30670913941e-18,2.15196682958e-11,5.30510961714e-10,1.46860612729e-08,3.96380425338e-11,5.91710052319e-11,1.60160099967e-07,0.699605590613,24.9413837119,3.01173621774e-08,21.3249655449,1500472118.93,1.35251567693e-17,2.8678903923e-11,5.77784692462e-10,2.0399021471e-08,7.91588434396e-11,3.60863234703e-10,3.25601780866e-07,0.604293012857,35.1824707077,2.83917838526e-08,29.5075531759,1500472118.96,1.44674233093e-17,8.4210335984e-09,6.58190997636,7.57540914695,3.18432135711e-09,6.46607301961,8.43685816587,5.27278128221e-09,6.46047708244,8.28885365972,0.639815069228,0.0105710379008,0.354243949352,2.80957,14.1351,7.17509217424e-09,12.8693968515,13.8964900939,1.92278025651e-08,16.3124163925,17.3467257426,1.14329806405e-08,16.9599933112,17.926246458,3.44653376644e-09,24.9981702004,25.6505106803,1.46971416902e-08,22.4304939452,23.1760036374,1.47977167961e-08,22.3706904494,22.8421616459,2.76392128004e-09,35.7289651569,36.048889177,4.61679555273e-09,34.2466664251,34.5130511395,6.4919469735e-09,35.818097571,36.1196418496,4.38321948754e-09,42.8168114342,42.8784192974,2.57571202218e-09,43.2799039532,43.450213033,8.65231262818e-09,42.4752761232,42.5206323574,1.881037137e-08,22.529910649,37.2357893162,3.22840115788e-08,20.4357307765,25.3596912235,2.89748348318e-08,27.6115071822,36.1583240972,,Positive,1,2017-07-19 13:48:24.714905+00:00
12,A027A,1.217,13335016,2016-05-07 12:08:43+00:00,560931072,13.9749,46.8432,-5.34,1,1,True,True,0.595947,4.45824,112.0,3.2,1.2,,,,,1.0,2016-05-07 12:08:43.560931+00:00,5726.8,A027A,46.8159,14.0074,320.876,2016-05-07 12:08:13.560931+00:00,2016-05-07 12:10:00.160349+00:00,1,395033,7.0,0.5,15,4550,5191,6.41,15.8894,10.0909,81.8887659113,83.9009550216,0.944379639506,0.913966883792,0.580159112111,0.507310454793,1262.34738022,2117.47348615,3427.88163605,2.06140919617e-12,8.98645445817e-10,3.24855236137e-08,1.45132556912e-10,2.19140137766e-10,1.12728871406e-06,0.156567211378,6.40351187247,1.15777071068e-08,22.0024945972,1462622939.31,2.41217896187e-18,4.30901001778e-11,1.21617233274e-09,4.25715432591e-08,1.46404516434e-09,3.08487141903e-10,6.05711464043e-06,0.16398318272,3.12208229946,1.33122693129e-08,21.4403537271,1462622939.28,5.95865451917e-18,2.19422856291e-11,1.14047391687e-09,4.12812389e-08,8.38576444266e-11,9.86124185394e-10,4.84640116936e-06,0.163717714263,3.63675946891,9.89596555407e-09,21.7151176535,1462622940.04,3.85073344088e-18,4.14655557159e-09,5.24344686672,7.31822091812,5.60268294763e-09,4.6912384948,7.43106308193,6.52378034534e-09,4.05668506361,5.62762346813,1.68206933831,0.427527297721,1.71935477865,-1.09942,-0.880349,4.77764878067e-09,13.721178158,15.0086962842,7.95250516137e-09,13.1868671565,14.6374177135,6.10294560867e-09,13.1869610575,14.4701364062,4.63635103903e-09,24.1322718327,24.8599257798,5.88926465897e-09,24.5324731756,25.1240947075,5.04358499549e-09,24.2464446521,24.7878765643,3.68581694977e-09,33.3060296154,33.7397565561,4.89537734455e-09,34.6012837274,35.0796947487,3.19023161058e-09,35.1710575021,35.5428747029,1.73962628234e-09,45.0735621474,45.1249091729,6.23297565896e-09,44.9001633157,45.0870527214,4.21708898488e-09,45.7023157434,45.8601235469,1.37411529575e-08,14.832663997,27.1504816683,1.33349678601e-08,14.3497991782,28.8740463526,1.23312271103e-08,10.1226038737,28.7218616693,,Negative,0,2016-05-07 12:09:00.160349+00:00
13,A032A,0.608,10091788,2019-08-29 09:20:25+00:00,338560000,13.203499794006348,48.13589859008789,-4.170000076293945,1,1,False,True,0.17299999296665192,1.5871599912643433,63.79999923706055,11.699999809265137,27.5,1.0,1.0,1.0,1.0,1.0,2019-08-29 09:20:25.338560+00:00,11646.61328125,A032A,48.122989654541016,13.306320190429688,280.6902160644531,2019-08-29 09:19:55.338560+00:00,2019-08-29 09:21:59.096859+00:00,1,3068087,2.5,0.5,20,5855,6277,4.22,47.412532806396484,55.205467224121094,86.42628116188891,82.72550411838513,0.92905511148588,0.8779019669153378,0.3903189029998514,0.5462575741599995,662.6355552271613,1249.5185453471183,2373.822123292338,1.1382461807304259e-10,1.6333924024371516e-09,6.353627928311908e-08,6.532380809472263e-10,6.459973429091783e-10,2.212431507381795e-06,0.24982599193289845,3.053751197927122,1.5269105220686536e-08,15.327396248888524,1567070455.09,1.5357847813186328e-17,1.1076629659251086e-10,4.412253525071046e-09,1.5220635684232567e-07,9.885721599644784e-12,2.3374280343719163e-09,0.0004157475351178831,0.22949866201418562,0.24292747485965904,3.912204883971033e-08,13.316552948932026,1567070454.5099998,1.0221729305428097e-16,2.6273594398257047e-11,2.994238053874267e-09,9.33323207514227e-08,2.4064945528413793e-09,5.091068375317022e-11,0.00027638863653576433,0.23209915232132958,0.23580305220715506,3.408612286512012e-08,13.35196621875307,1567070454.82,7.869285814781205e-17,1.949254672647603e-08,6.01808603934303,8.105102223538244,3.930040467385596e-08,5.884458099125403,7.4060291098294035,3.760677556165038e-08,6.105498810489055,6.993766574228261,0.011996247902367344,0.10153652267175854,1.588259313372382,-5.208298683166504,-4.586859226226807,1.7725733673428876e-08,13.103717281232798,13.500333125953599,3.67788281389528e-08,12.778432641861203,13.065969993710045,3.075511323492693e-08,12.455661372326604,12.756734280079549,4.255234644515784e-09,23.860198455388538,24.372827645422614,6.709874372675389e-09,22.991287375661248,23.80058019752084,9.137447561160093e-09,23.018957079894193,23.87086317453958,2.356814915446469e-09,35.152992953474865,35.657284571865176,5.520697430410446e-09,33.23615151148544,33.650195978773915,5.2898005672549634e-09,35.25174743951452,35.777892266361405,3.1327657245406033e-09,46.6243881129034,46.68899713002398,1.7389176053397063e-09,47.691357565863996,47.671173838871766,1.989880846530537e-09,44.61039477023958,44.90929084028444,3.0694400296309984e-08,11.407608567241638,21.39106430817307,7.032886863557254e-08,10.353979647849256,14.04927861444306,6.102950219646214e-08,9.039760471792475,13.986708149715081,,Negative,0,2019-08-29 09:20:59.096859+00:00
14,A033A,0.827,25442586,2016-08-05 11:27:46+00:00,217705728,13.341500282287598,47.3848991394043,9.800000190734863,1,1,False,True,0.09233999997377396,1.6475600004196167,79.5,7.199999809265137,29.899999618530273,1.0,1.0,1.0,1.0,1.0,2016-08-05 11:27:46.217705+00:00,28619.845703125,A033A,47.479740142822266,13.125996589660645,122.96774291992188,2016-08-05 11:27:16.217705+00:00,2016-08-05 11:30:09.173778+00:00,2,1590736,3.0,1.0,5,11018,11777,7.59,90.54608154296875,65.99967956542969,27.304790011618216,34.94344605881347,0.7977040479533537,0.7295613423952038,0.3792335987215199,0.24849557039984882,1523.886765020003,25364.109175570193,30508.15687901951,4.0973774835981035e-11,1.5236226908140242e-09,7.337116843880627e-08,1.9851273098046735e-10,1.2686556916152885e-10,8.223952325919268e-07,0.5788813662454523,25.39750604752248,8.842228121036203e-08,15.762703326975105,1470396549.855,1.2982704601281637e-16,4.057982920536452e-11,1.6095865202330733e-09,5.3631914866631965e-08,4.534535866443615e-10,8.885057860664657e-10,1.206086894890311e-07,6.677699300876739,20.75761285185702,5.986050500215408e-08,15.298223921572228,1470396549.865,7.402631520853055e-17,1.1285062916682941e-11,1.2251258877802802e-09,4.728818603260041e-08,2.1141763019805529e-10,6.579145978245543e-10,2.4788273095004017e-07,1.5456039288498455,22.773765891691973,7.17466140418237e-08,17.14224815230604,1470396549.855,6.051248983284029e-17,8.838062536279058e-08,5.5690063205207645,8.224547752624952,3.242854627349586e-08,7.487602724873563,9.143169244849814,2.5529171618686564e-08,7.618058331160871,9.186811438655004,0.3393015405030341,0.5180140870050809,0.14037018249084451,-2.7760729789733887,0.6812219619750977,8.260784020176498e-08,11.904772218243531,12.343986761841663,6.079769010139585e-08,12.791340264153655,13.42998082919846,5.314874579944009e-08,13.216523848460918,14.122838397340484,1.2563729022947777e-08,23.423112498449104,24.18100859036812,1.2800731688407206e-08,23.272080496870807,23.937840403733635,2.0434129382909083e-08,24.21883767106057,24.483443011968593,2.837429445003319e-09,34.77925199660008,35.48589101334471,5.201805502454532e-09,33.53039274223386,34.07996766481732,3.146184761230615e-09,33.89333791859988,34.564940529586124,1.9896354223449447e-08,46.15433296214136,46.108370496344286,7.002535942482856e-09,46.14602971804567,46.180023207643174,4.76173115828332e-09,45.71604046562957,45.6540801832348,1.635645242184913e-07,11.013344036929563,25.199873687527578,8.604631441373135e-08,12.656704809333386,20.493456630185822,7.964241113245539e-08,14.103708932810465,22.303783999697075,,Positive,1,2016-08-05 11:29:09.173778+00:00
15,A079A,0.438,8795599,2017-07-11 13:50:48+00:00,953373696,12.077500343322754,47.4109001159668,-14.649999618530273,1,1,False,True,0.06599999964237213,1.064520001411438,39.29999923706055,9.699999809265137,29.5,1.0,1.0,1.0,1.0,1.0,2017-07-11 13:50:48.953373+00:00,19724.375,A079A,49.22880172729492,14.70740032196045,224.87879943847656,2017-07-11 13:50:18.953373+00:00,2017-07-11 13:52:46.125474+00:00,2,4068841,4.0,0.5,15,9045,9545,5.0,51.67844009399414,25.77802848815918,73.44852961145212,63.826563531967814,0.8602664678831655,0.908098591303979,0.319104970919588,0.47196337702793195,996.755497930616,6524.079856732009,10312.489038021822,1.950775419478645e-11,9.508197504824925e-10,3.5179345108929087e-08,3.3063264225705174e-10,3.209817661268584e-10,5.591119332401447e-08,0.4162469273579207,15.826397687106265,4.243156004832452e-09,14.640879684501865,1499781109.74,1.2221221704222325e-18,2.8628030243354137e-13,1.2451883816732033e-09,3.713874303291852e-08,9.090001597436273e-10,4.89864959195332e-10,2.127589918395874e-06,0.24997251833552417,1.5924871964347491,6.935214967560749e-09,14.553483007912085,1499781109.8100002,2.879730251142068e-18,3.953653214234384e-12,1.387905052415161e-09,4.529571399244084e-08,6.019690008143913e-10,2.8225983905629417e-10,6.888612247873766e-06,0.23687003970931428,2.3971764461353926,5.607471360625604e-09,14.393136631833544,1499781109.5600002,1.3657636565108504e-18,3.2564638279192984e-09,3.870447179704137,6.143901333694741,4.845832528495147e-09,3.9872472345450145,6.553015593559926,5.551760097797463e-09,4.298015220160261,5.965379528090466,7.0739349403944916,2.935438104558,134.2995877975543,3.2778990268707275,3.434526205062866,4.3854952970245726e-09,13.785641465571665,13.986130415626517,7.491032797801656e-09,13.922129873941287,14.168074052096776,5.8239833843498415e-09,13.307965236414248,13.60060181928411,5.156842081992038e-10,24.09265580049568,24.4490364115694,6.758570742325385e-10,23.365990548639218,23.887911670049192,4.744121957872747e-10,24.14183832138935,24.55517830293241,2.0543128526748725e-10,33.47240067845446,33.79521140594124,2.975798496008715e-10,33.10861932614278,33.417087350832645,3.2154883661101626e-10,34.0663593095204,34.322703975744446,6.946469679192798e-11,45.78252441551236,46.16410456284746,1.7339689003931472e-10,45.30386611431611,45.64977430914974,1.5678078256311186e-10,46.012253901762556,46.376443544752625,5.852678268757974e-09,9.091776535381705,15.775779386289653,7.876944801136866e-09,7.168706650266146,14.596704284686338,9.393889937959126e-09,6.91803580558293,15.113871969799503,,Negative,0,2017-07-11 13:51:46.125474+00:00
16,A119A,0.562,3915092,2017-06-28 22:09:38+00:00,239325440,10.01200008392334,49.041099548339844,-11.59000015258789,1,1,True,True,0.06800000369548798,1.6585400104522705,164.39999389648438,7.300000190734863,7.099999904632568,,,,,0.0,2017-06-28 22:09:38.239325+00:00,6476.91552734375,A119A,49.00709915161133,10.038399696350098,333.02734375,2017-06-28 22:09:08.239325+00:00,2017-06-28 22:10:57.012992+00:00,1,1322595,4.0,1.0,1,4703,5238,5.35,93.60016632080078,97.90040588378906,33.585034371783145,16.473160244343394,0.9985051385403924,0.9994269212617157,0.5741694144539703,0.5553007598539358,1041.94601468689,5809.64035626198,8001.001263514169,2.0697012425781114e-11,2.3019505876077555e-09,7.946092105026715e-08,9.567542579013938e-10,1.106049739262892e-09,5.163865065216221e-07,0.23685264647135082,4.2465876104297875,8.31485804319236e-09,15.070586994431984,1498687796.1800003,4.6620390733792796e-18,2.524069313867944e-11,1.052948110754726e-09,3.074171954636004e-08,2.15519833995304e-10,4.727938742224382e-10,4.6540907977882226e-07,0.18204358573807553,2.2510116390828387,3.7128055594263844e-09,15.16416450264688,1498687796.0000002,1.0111655648480095e-18,1.5999920120599866e-11,2.130932051982597e-09,5.4240257705115714e-08,3.353834927610293e-10,9.835514200423874e-12,9.280270880635332e-07,0.18087183205251894,2.083914269469715,7.794482947936066e-09,15.514469086377993,1498687796.0000002,3.61255344422835e-18,3.917203600347325e-08,5.603596218904588,6.726423793299094,1.128873624045047e-08,3.7797694255281464,5.287634482170415,2.1957919882882645e-08,3.673301245609721,5.244119678939446,1.0079980317844441,0.9480311037735337,0.5489034797522996,-1.7436668872833252,-1.0129916667938232,7.143547237306476e-09,13.285358546248823,14.047956086387284,3.893103358436629e-09,13.365159072947415,14.128216767567672,7.061158280774621e-09,13.362466481370658,14.087139286682264,2.1586932384812423e-09,23.38671760911911,23.881712801712382,7.435567173991126e-10,24.307056884227134,24.868048847502244,1.4936562785512506e-09,24.510556618917178,25.02266687944377,8.81398750360537e-10,33.351563958439336,33.567810569395824,2.293218644891312e-10,33.200893913665624,33.69943003561308,4.799342926975507e-10,32.886352560375876,33.329798628254316,5.310876226732804e-10,47.699546047188946,47.638648193351344,3.0166131675811835e-10,47.65581809922421,47.58420233878737,5.612351286738272e-10,47.62013975347138,47.49447055717291,4.509925004765714e-08,6.632987013088672,12.443504361278347,1.3481593234616275e-08,5.396978029611987,14.979008465441066,2.585468076338713e-08,5.364259393283283,15.476398901817383,,Negative,0,2017-06-28 22:09:57.012992+00:00
17,A140A,0.79,25046378,2016-07-31 18:06:49+00:00,296200448,11.399499893188477,47.56269836425781,8.869999885559082,1,1,True,True,0.4655350148677826,5.248089790344238,98.5999984741211,16.0,6.099999904632568,,,,,1.0,2016-07-31 18:06:49.296200+00:00,4420.64111328125,A140A,47.55229949951172,11.436100006103516,292.8454284667969,2016-07-31 18:06:19.296200+00:00,2016-07-31 18:08:02.109652+00:00,2,3986145,3.5,0.5,15,3966,5280,13.14,,,,,,,,,,,,3.144121496642596e-11,1.6667195911682287e-09,5.776193251806239e-08,2.1208794319366492e-10,3.2986329215147264e-10,2.1661375818393157e-07,0.7851962529199068,28.23106015824698,2.2783766155963623e-08,22.12504566226895,1469988419.04,1.0987858510268776e-17,,,,,,,,,,,,,,,,,,,,,,,,,1.0990763817457203e-07,4.736662631335756,6.642651981737286,,,,,,,,,,-3.153451919555664,-3.0696520805358887,2.074093575573476e-08,12.902462156318279,13.839505764710422,,,,,,,6.85304079744953e-09,24.721173783525977,25.163172589171175,,,,,,,6.329710969897786e-09,34.55611433108836,34.92425932641204,,,,,,,3.791334550055632e-09,43.39605800075454,43.45051021222003,,,,,,,1.3142985321804465e-07,12.528115178680178,28.46870902952487,,,,,,,,Positive,1,2016-07-31 18:07:02.109652+00:00
18,A333A,0.177,8064474,2017-07-05 18:49:10+00:00,547413248,17.19420051574707,48.67319869995117,5.900000095367432,1,1,True,True,3.9040000438690186,33.65520095825195,142.60000610351562,2.200000047683716,8.199999809265137,,,,,0.0,2017-07-05 18:49:10.547413+00:00,12314.8447265625,A333A,48.715572357177734,17.104103088378906,125.43495178222656,2017-07-05 18:48:40.547413+00:00,2017-07-05 18:50:46.242614+00:00,2,3633818,4.5,1.0,10,6478,7165,6.87,123.99571228027344,108.6644058227539,51.66672155303979,35.78490005538657,0.7792382748321605,0.6682099220338921,0.3081833595814853,0.2137793339933725,363.1034834098635,7786.716761687325,13583.681742775323,4.8929619706581355e-12,5.558467170638557e-10,2.4905462789758418e-08,7.913069698795155e-10,2.8608710901927124e-10,1.903498891620031e-07,0.34550434769374705,11.247625116459758,1.5608381585888477e-09,14.53760776742712,1499280586.7150002,2.8837811235522624e-19,1.9407362915864688e-11,5.29398353978778e-10,1.7431333467796033e-08,1.9539652116385793e-11,1.7864284734687254e-10,1.410025055284705e-07,0.3484879473926207,8.680036911495614,1.5270257000076751e-09,14.007950074154062,1499280587.435,1.5067301564761189e-19,3.3987965887844573e-13,4.0768995047914975e-10,1.3959545136553915e-08,1.6813742653373277e-11,1.3582524597863381e-10,3.553184529611291e-07,0.23869897995423311,5.752496642915953,1.0314654530839218e-09,14.010739222100122,1499280585.695,8.899592570800997e-20,1.7972143643267267e-08,2.6693593106539666,4.628285623150149,1.7443834138227416e-08,2.695371967374237,4.219342791468333,1.672787445120405e-08,2.178069316886881,3.721486249415684,4.337243747367964,1.6149939373604274,6.800846199520561,-0.91520094871521,-0.5476140975952148,1.313115546838599e-09,12.117519429195204,13.11594839238785,1.504806583468733e-09,12.301874385440296,13.20898410309099,7.943229627804139e-10,11.683594440489333,12.788075350686675,2.4401556276378907e-10,23.343155624133445,24.108956334054632,2.1304647494612285e-10,24.659428666690488,25.38081649966817,2.3933064561898604e-10,23.96945643702884,24.65359312419283,2.570983120915478e-10,34.65965274827578,35.00257111615469,2.516194021111158e-10,34.61563504497635,35.162508777966664,1.187511450526807e-10,35.65462442664547,36.03062817934225,2.3543677294011857e-10,47.390441102945886,47.416977923860905,1.461179704985984e-10,47.86498985187658,47.8886043832457,1.303036742720844e-10,46.97555330500397,46.919423817398325,1.8390238597029215e-08,3.0142291683969584,10.68798487994139,1.7414030008511592e-08,2.9362284082739056,8.745239896096708,1.7027861318141466e-08,2.337256415201282,7.767166135588452,,Positive,1,2017-07-05 18:49:46.242614+00:00
19,A359A,0.333,26022581,2016-08-10 16:43:08+00:00,29163008,12.640399932861328,48.96160125732422,43.900001525878906,1,1,False,True,0.031078999862074852,1.0098899602890015,110.80000305175781,12.699999809265137,18.700000762939453,1.0,1.0,1.0,1.0,1.0,2016-08-10 16:43:08.029163+00:00,21760.00390625,A359A,48.833099365234375,12.64210033416748,359.5023193359375,2016-08-10 16:42:38.029163+00:00,2016-08-10 16:45:11.101639+00:00,3,3447471,3.5,1.0,20,7333,7619,2.86,127.927490234375,74.69769287109375,30.970360456676108,29.87014065812817,0.6296826358976747,0.4240542460751017,0.40877279953391543,0.18201321982520108,9278.177767771134,13302.471390328861,15776.558342364355,2.291460896457883e-11,1.9893745360498228e-07,2.66505797711026e-06,3.754515777970621e-09,4.929179345685021e-09,7.373703061804434e-07,0.7790921318209304,19.237123018297275,1.3672091211434066e-07,18.277384133694717,1470847431.51,9.743327560391492e-16,2.295689716484786e-11,1.4039367654927392e-07,3.5925687563207645e-06,1.838952283535562e-08,1.4872408853803991e-08,4.732592218132299e-06,0.28096472748394874,4.354044945136651,2.0513069804665418e-07,22.00705982732007,1470847431.4299998,1.5876434418471045e-15,3.261883129959723e-11,9.335135882102765e-08,1.7924309397515006e-06,1.629257102048557e-09,1.0850760427635408e-08,1.3802216806851652e-06,0.4620029204443248,4.864976987348435,1.1023368726903706e-07,24.95358179937355,1470847431.4599998,6.523606849165116e-16,2.360154729353802e-07,2.846763865404256,6.065538428075457,1.3731109306987934e-07,3.452120331993145,7.056270331297836,1.481701378694263e-07,2.585710906893967,4.940001152537751,1.2380972767315814,6.138954764123789,7.2230080226484645,-19.742475509643555,-19.67163848876953,1.1594494967038961e-07,12.498824777286227,13.174827057383201,9.307342695175054e-08,11.957664258403378,12.190491662947311,8.251984534140008e-08,13.123150817156727,13.899088600382392,1.8808848206042053e-08,27.252973349335143,27.70307954307301,2.914429931345729e-08,27.935876359460778,28.080263133017226,2.7601888822805153e-08,24.43965182498073,25.117388722311304,7.205284870275491e-08,32.68237606826271,32.73447777206392,1.700108782518934e-07,32.43587640824665,32.438001125964675,7.11292292072053e-08,37.17457349778254,37.53193814812742,2.7953256168766657e-08,43.63187011187339,43.77246979242294,2.9471464549601542e-08,44.1412527162877,44.22946162579798,4.008981064992989e-08,41.84466699394321,41.938588854794666,2.8889981365718603e-07,4.95462188770714,21.186299500524,3.0189193079455515e-07,12.557380169200925,27.867015432669508,2.184432251735256e-07,7.415894163284408,32.8910513544703,,Positive,1,2016-08-10 16:44:11.101639+00:00
